id,name,episode,template,nativeStageID,status,priority,preservedCandidateRoot,nextAction
mgs3-rokovoj-bereg-champ-de-fleurs,Rokovoj Bereg — champ de fleurs,mgs3,flowers,flower_field,native-reviewed-planes,9,,Preserve existing native alias; no new stage claimed
mgs3-dremuchij-lisiere-de-jungle,Dremuchij — lisière de jungle,mgs3,jungle,dremuchij_forest_edge,native-reviewed-planes,9,,Preserve existing native alias; no new stage claimed
mgs3-sokrovenno-foret,Sokrovenno — forêt,mgs3,sokrovenno,sokrovenno,native-reviewed-planes,9,,Preserve existing native alias; no new stage claimed
mgs3-groznyj-grad-aire-de-combat-volgin,Groznyj Grad — aire de combat Volgin,mgs3,hangar,,procedural-Canvas-scene,4,,Replace procedural presentation with original-edition referenced native plans; adapt camera/parallax explicitly
mgs3-krasnogorje-montagnes,Krasnogorje — montagnes,mgs3,,,absent-playable-template,3,,Author playable template + source-authenticated plans
mgs3-ponizovje-grotte,Ponizovje — grotte,mgs3,cave,,procedural-Canvas-scene,4,,Replace procedural presentation with original-edition referenced native plans; adapt camera/parallax explicitly
mgs3-tikhogornyj-riviere,Tikhogornyj — rivière,mgs3,,,absent-playable-template,3,,Author playable template + source-authenticated plans
mgs1-shadow-moses-heliport,Shadow Moses — héliport,mgs1,snow,shadow_heliport,native-reviewed-planes,9,,Preserve existing native alias; no new stage claimed
mgs1-shadow-moses-hangar-a-tanks,Shadow Moses — hangar à tanks,mgs1,hangar,mgs1_tank_hangar,native-reviewed-planes,9,,Preserve existing native alias; no new stage claimed
mgs1-shadow-moses-armurerie,Shadow Moses — armurerie,mgs1,armory,,procedural-Canvas-scene,4,,Replace procedural presentation with original-edition referenced native plans; adapt camera/parallax explicitly
mgs1-shadow-moses-entrepot-frigorifique,Shadow Moses — entrepôt frigorifique,mgs1,freezer,mgs1_freezer,native-reviewed-planes,9,,Preserve existing native alias; no new stage claimed
mgs1-shadow-moses-champ-de-neige,Shadow Moses — champ de neige,mgs1,snowfield,,procedural-Canvas-scene,4,,Replace procedural presentation with original-edition referenced native plans; adapt camera/parallax explicitly
mgs1-sommet-de-metal-gear-rex,Sommet de Metal Gear REX,mgs1,rexroof,,procedural-Canvas-scene,4,,Replace procedural presentation with original-edition referenced native plans; adapt camera/parallax explicitly
mgs2-tanker-pont-exterieur,Tanker — pont extérieur,mgs2,tanker,tanker_deck,native-reviewed-planes,9,,Preserve existing native alias; no new stage claimed
mgs2-tanker-cale,Tanker — cale,mgs2,,,absent-playable-template,3,,Author playable template + source-authenticated plans
mgs2-big-shell-plateforme-et-passerelles,Big Shell — plateforme et passerelles,mgs2,bigshell,,procedural-Canvas-scene,4,,Replace procedural presentation with original-edition referenced native plans; adapt camera/parallax explicitly
mgs2-big-shell-heliport,Big Shell — héliport du Strut E,mgs2,strutE,big_shell,native-reviewed-planes,9,,Preserve existing native alias; no new stage claimed
mgs2-federal-hall-toiture,Federal Hall — toiture,mgs2,federalHall,federal_hall_rooftop,native-reviewed-planes,9,,Preserve existing native alias; no new stage claimed
mgs2-arsenal-gear-interieur,Arsenal Gear — intérieur,mgs2,arsenal,arsenal_corridor,native-reviewed-planes,9,,Preserve existing native alias; no new stage claimed
mgs4-outer-haven-sommet,Outer Haven — sommet,mgs4,outerhaven,outer_haven,native-reviewed-planes,9,,Preserve existing native alias; no new stage claimed
mgs4-shadow-moses-ruines,Shadow Moses — retour enneigé,mgs4,return4,,procedural-Canvas-scene,1,,Replace procedural presentation with original-edition referenced native plans; adapt camera/parallax explicitly
mgs4-moyen-orient-rue,Moyen-Orient — rue en ruines,mgs4,mideast4,middle_east,native-reviewed-planes,9,,Preserve existing native alias; no new stage claimed
mgs4-amerique-du-sud-villa,Amérique du Sud — villa,mgs4,,,absent-playable-template,3,,Author playable template + source-authenticated plans
mgs4-europe-de-lest-quai,Europe de l’Est — quai,mgs4,,,absent-playable-template,3,,Author playable template + source-authenticated plans
pw-mother-base-msf,Mother Base — plateforme MSF,pw,x22MSF,,procedural-Canvas-scene,4,,Replace procedural presentation with original-edition referenced native plans; adapt camera/parallax explicitly
pw-costa-rica-jungle,Costa Rica — lisière d’exercice,pw,x22Jungle,,procedural-Canvas-scene,4,,Replace procedural presentation with original-edition referenced native plans; adapt camera/parallax explicitly
pw-chateau-didalia,Château d’Idalia,pw,,,absent-playable-template,3,,Author playable template + source-authenticated plans
pw-lac-cocibolca,Lac Cocibolca,pw,,,absent-playable-template,3,,Author playable template + source-authenticated plans
gz-camp-omega-perimetre,Camp Omega — périmètre nocturne,gz,x22Omega,,procedural-Canvas-scene,4,,Replace procedural presentation with original-edition referenced native plans; adapt camera/parallax explicitly
gz-camp-omega-heliport,Camp Omega — héliport,gz,,,absent-playable-template,3,,Author playable template + source-authenticated plans
tpp-mother-base-diamond-dogs,Mother Base Diamond Dogs,tpp,motherbase,mother_base_platform,native-reviewed-planes,9,,Preserve existing native alias; no new stage claimed
tpp-afghanistan-ruines-daabe-shifap,Afghanistan — ruines d’Aabe Shifap,tpp,desert,,procedural-Canvas-scene,4,,Replace procedural presentation with original-edition referenced native plans; adapt camera/parallax explicitly
tpp-afghanistan-centrale-serak,Afghanistan — centrale Serak,tpp,phantomPower,,procedural-Canvas-scene,4,,Replace procedural presentation with original-edition referenced native plans; adapt camera/parallax explicitly
tpp-afrique-centrale-lufwa-valley,Afrique centrale — Lufwa Valley,tpp,phantomValley,,procedural-Canvas-scene,4,,Replace procedural presentation with original-edition referenced native plans; adapt camera/parallax explicitly
tpp-okb-zero,OKB Zero,tpp,phantomFort,okb_zero,native-reviewed-planes,9,,Preserve existing native alias; no new stage claimed
tpp-hopital-chypre,Hôpital — Chypre,tpp,,,absent-playable-template,3,,Author playable template + source-authenticated plans
mg1-outer-heaven-cour,Outer Heaven — cour,mg1,outerCourtyard,,procedural-Canvas-scene,4,,Replace procedural presentation with original-edition referenced native plans; adapt camera/parallax explicitly
mg1-outer-heaven-hangar-tx-55,Outer Heaven — hangar TX-55,mg1,outerHangar,outer_heaven,native-reviewed-planes,9,,Preserve existing native alias; no new stage claimed
mg2-zanzibar-land-forteresse,Zanzibar Land — forteresse,mg2,zanzibarFort,,procedural-Canvas-scene,4,,Replace procedural presentation with original-edition referenced native plans; adapt camera/parallax explicitly
mg2-champ-de-mines-duel-gray-fox,Champ de mines — duel Gray Fox,mg2,zanzibarRing,,procedural-Canvas-scene,4,,Replace procedural presentation with original-edition referenced native plans; adapt camera/parallax explicitly
mpo-san-hieronymo-silo,San Hieronymo — silo,mpo,portableSilo,,procedural-Canvas-scene,4,,Replace procedural presentation with original-edition referenced native plans; adapt camera/parallax explicitly
mpo-san-hieronymo-base-portuaire,San Hieronymo — base portuaire,mpo,portableHarbor,,procedural-Canvas-scene,4,,Replace procedural presentation with original-edition referenced native plans; adapt camera/parallax explicitly
mgr-denver-avenue,Denver — avenue,mgr,city,,procedural-Canvas-scene,4,,Replace procedural presentation with original-edition referenced native plans; adapt camera/parallax explicitly
mgr-abkhazie-installation-industrielle,Abkhazie — raffinerie,mgr,mgrRefinery,,procedural-Canvas-scene,2,,Replace procedural presentation with original-edition referenced native plans; adapt camera/parallax explicitly
mgr-pakistan-debris-excelsus,Pakistan — débris EXCELSUS,mgr,mgrWreck,pakistan_wreck,native-reviewed-planes,9,,Preserve existing native alias; no new stage claimed
mgr-badlands-duel-sam,Badlands — duel Sam,mgr,badlands,,procedural-Canvas-scene,2,,Replace procedural presentation with original-edition referenced native plans; adapt camera/parallax explicitly
mgr-world-marshal-toit,World Marshal — héliport,mgr,mgrRoof,world_marshal,native-reviewed-planes,9,,Preserve existing native alias; no new stage claimed
ghost-galuade-enceinte,Galuade — enceinte,ghost,ghostPerimeter,,procedural-Canvas-scene,4,,Replace procedural presentation with original-edition referenced native plans; adapt camera/parallax explicitly
ghost-galuade-hangar-gander,Galuade — hangar Gander,ghost,ghostHangar,,procedural-Canvas-scene,4,,Replace procedural presentation with original-edition referenced native plans; adapt camera/parallax explicitly
acid-lobito-island-laboratoire,Lobito Island — laboratoire,acid,acidLab,,procedural-Canvas-scene,1,,Replace procedural presentation with original-edition referenced native plans; adapt camera/parallax explicitly
acid2-saintlogic-installation,SaintLogic — installation,acid2,,,absent-playable-template,3,,Author playable template + source-authenticated plans
survive-dite-camp-de-base,Dite — camp de base,survive,,,absent-playable-template,3,,Author playable template + source-authenticated plans
survive-dite-zone-de-poussiere,Dite — zone de poussière,survive,,,absent-playable-template,3,,Author playable template + source-authenticated plans
vr-grille-vr-duel,Grille VR — duel,vr,vr,vr_grid,native-reviewed-planes,9,,Preserve existing native alias; no new stage claimed
mgs3-bolshaya-past-crevasse,Bolshaya Past — crevasse,mgs3,ravine,,procedural-Canvas-scene,4,,Replace procedural presentation with original-edition referenced native plans; adapt camera/parallax explicitly
mgs1-shadow-moses-laboratoire,Shadow Moses — laboratoire,mgs1,lab,,procedural-Canvas-scene,4,,Replace procedural presentation with original-edition referenced native plans; adapt camera/parallax explicitly
mgs1-shadow-moses-bureau-mantis,Shadow Moses — bureau de Psycho Mantis,mgs1,mantisRoom,,procedural-Canvas-scene,4,,Replace procedural presentation with original-edition referenced native plans; adapt camera/parallax explicitly
mgs1-hangar-souterrain-rex,Shadow Moses — hangar souterrain de REX,mgs1,rexHangar,mgs1_rex_hangar,native-reviewed-planes,9,,Preserve existing native alias; no new stage claimed
mgs2-strut-a-quai,Strut A — quai,mgs2,strutDock,,procedural-Canvas-scene,4,,Replace procedural presentation with original-edition referenced native plans; adapt camera/parallax explicitly
mgs2-chambre-de-filtration,Shell 2 — chambre de filtration,mgs2,filtration,,procedural-Canvas-scene,4,,Replace procedural presentation with original-edition referenced native plans; adapt camera/parallax explicitly
mgs3-chyornaya-peschera-grotte,Chyornaya Peschera — grotte,mgs3,cobraCavern,mgs3_chyornaya_peshchera,native-reviewed-planes,9,,Preserve existing native alias; no new stage claimed
mgs3-graniny-gorki-foret,Graniny Gorki — forêt,mgs3,fearForest,mgs3_graniny_gorki_south,native-reviewed-planes,9,,Preserve existing native alias; no new stage claimed
mgs3-tunnel-the-fury,Tunnel souterrain — The Fury,mgs3,furyTunnel,,procedural-Canvas-scene,4,,Replace procedural presentation with original-edition referenced native plans; adapt camera/parallax explicitly
mgr-world-marshal-esplanade,World Marshal — esplanade sous la pluie,mgr,mgrPlaza,,procedural-Canvas-scene,2,,Replace procedural presentation with original-edition referenced native plans; adapt camera/parallax explicitly
ghost-galuade-complexe-thermique,Galuade — complexe thermique (adaptation),ghost,ghostFurnace,,procedural-Canvas-scene,4,,Replace procedural presentation with original-edition referenced native plans; adapt camera/parallax explicitly
ghost-galuade-salle-des-marionnettes,Galuade — salle des marionnettes (adaptation),ghost,ghostPuppets,,procedural-Canvas-scene,4,,Replace procedural presentation with original-edition referenced native plans; adapt camera/parallax explicitly
ghost-galuade-cour-logistique,Galuade — cour logistique (adaptation),ghost,ghostDepot,,procedural-Canvas-scene,4,,Replace procedural presentation with original-edition referenced native plans; adapt camera/parallax explicitly
mpo-san-hieronymo-entrepot-cryogenique,San Hieronymo — entrepôt cryogénique (adaptation),mpo,portableCold,,procedural-Canvas-scene,4,,Replace procedural presentation with original-edition referenced native plans; adapt camera/parallax explicitly
mpo-san-hieronymo-prison,San Hieronymo — cour de détention (adaptation),mpo,portablePrison,,procedural-Canvas-scene,4,,Replace procedural presentation with original-edition referenced native plans; adapt camera/parallax explicitly
mgs2-arsenal-gear-plateforme-ray,Arsenal Gear — plateforme des RAY,mgs2,rayDeck,,procedural-Canvas-scene,4,,Replace procedural presentation with original-edition referenced native plans; adapt camera/parallax explicitly
mg2-zanzibar-bureau-ninja,Zanzibar Land — bureau du Black Ninja,mg2,zanzibarOffice,,procedural-Canvas-scene,4,,Replace procedural presentation with original-edition referenced native plans; adapt camera/parallax explicitly
mg2-zanzibar-salle-de-poursuite,Zanzibar Land — salle de poursuite,mg2,zanzibarTrack,,procedural-Canvas-scene,4,,Replace procedural presentation with original-edition referenced native plans; adapt camera/parallax explicitly
mg2-zanzibar-salle-des-filets,Zanzibar Land — salle des filets,mg2,zanzibarNets,,procedural-Canvas-scene,4,,Replace procedural presentation with original-edition referenced native plans; adapt camera/parallax explicitly
mg2-zanzibar-arsenal-final,Zanzibar Land — arsenal final,mg2,zanzibarFinal,,procedural-Canvas-scene,4,,Replace procedural presentation with original-edition referenced native plans; adapt camera/parallax explicitly
mg1-outer-heaven-detention,Outer Heaven — quartier de détention,mg1,outerDetention,,procedural-Canvas-scene,4,,Replace procedural presentation with original-edition referenced native plans; adapt camera/parallax explicitly
mg1-outer-heaven-poste-de-tir,Outer Heaven — poste de tir,mg1,outerGunpost,,procedural-Canvas-scene,4,,Replace procedural presentation with original-edition referenced native plans; adapt camera/parallax explicitly
mg1-outer-heaven-galerie-thermique,Outer Heaven — galerie thermique,mg1,outerFurnace,,procedural-Canvas-scene,4,,Replace procedural presentation with original-edition referenced native plans; adapt camera/parallax explicitly
mg1-outer-heaven-bloc-des-captifs,Outer Heaven — bloc des captifs,mg1,outerCaptives,,procedural-Canvas-scene,4,,Replace procedural presentation with original-edition referenced native plans; adapt camera/parallax explicitly
mg1-outer-heaven-cellule-tx55,Outer Heaven — cellule de sabotage TX-55,mg1,tx55Chamber,outer_heaven,native-reviewed-planes,9,,Preserve existing native alias; no new stage claimed
mg2-zanzibar-hangar-metal-gear-d,Zanzibar Land — hangar Metal Gear D,mg2,mgdHangar,zanzibar,native-reviewed-planes,9,,Preserve existing native alias; no new stage claimed
acid-lobito-entrepot,Lobito — entrepôt (adaptation),acid,acidDepot,,procedural-Canvas-scene,4,,Replace procedural presentation with original-edition referenced native plans; adapt camera/parallax explicitly
acid-lobito-passerelle,Lobito — passerelle (adaptation),acid,acidBridge,,procedural-Canvas-scene,4,,Replace procedural presentation with original-edition referenced native plans; adapt camera/parallax explicitly
acid-tour-ebro-salle,Tour Ebro — salle des illusions (adaptation),acid,acidTower,,procedural-Canvas-scene,4,,Replace procedural presentation with original-edition referenced native plans; adapt camera/parallax explicitly
mgs4-laboratoire-naomi,Laboratoire de Naomi — duel,mgs4,legacyNaomi,,procedural-Canvas-scene,1,,Replace procedural presentation with original-edition referenced native plans; adapt camera/parallax explicitly
mgs4-tour-europe-est,Europe de l’Est — toiture de tour,mgs4,legacyTower,,procedural-Canvas-scene,1,,Replace procedural presentation with original-edition referenced native plans; adapt camera/parallax explicitly
mgs4-outer-haven-salle-mantis,Outer Haven — salle de Mantis,mgs4,legacyMantis,,procedural-Canvas-scene,1,,Replace procedural presentation with original-edition referenced native plans; adapt camera/parallax explicitly
mgr-abkhazie-cour-desperado,Abkhazie — cour Desperado,mgr,legacyBladeCourtyard,,procedural-Canvas-scene,4,,Replace procedural presentation with original-edition referenced native plans; adapt camera/parallax explicitly
mgr-abkhazie-carriere-khamsin,Abkhazie — aire Khamsin,mgr,legacyQuarry,,procedural-Canvas-scene,2,,Replace procedural presentation with original-edition referenced native plans; adapt camera/parallax explicitly
mg1-outer-heaven-salle-brad,Outer Heaven — salle des androïdes,mg1,legacyBrad,,procedural-Canvas-scene,4,,Replace procedural presentation with original-edition referenced native plans; adapt camera/parallax explicitly
mg2-zanzibar-jungle-embuscade,Zanzibar Land — jungle d’embuscade,mg2,legacyJungle,,procedural-Canvas-scene,4,,Replace procedural presentation with original-edition referenced native plans; adapt camera/parallax explicitly
mg2-zanzibar-salle-obscure,Zanzibar Land — salle obscure,mg2,legacyDark,,procedural-Canvas-scene,4,,Replace procedural presentation with original-edition referenced native plans; adapt camera/parallax explicitly
tpp-afghanistan-brume-ruines,Afghanistan — ruines dans la brume,tpp,legacyMist,,procedural-Canvas-scene,4,,Replace procedural presentation with original-edition referenced native plans; adapt camera/parallax explicitly
tpp-aeroport-nova-braga-piste,Nova Braga — piste de duel,tpp,legacyAirfield,,procedural-Canvas-scene,4,,Replace procedural presentation with original-edition referenced native plans; adapt camera/parallax explicitly
pw-mother-base-zeke,Mother Base — pont de ZEKE,pw,x22Zeke,mother_base,native-reviewed-planes,9,,Preserve existing native alias; no new stage claimed
acid2-saintlogic-laboratoire,SaintLogic — laboratoire de simulation,acid2,x22SaintLab,,procedural-Canvas-scene,1,,Replace procedural presentation with original-edition referenced native plans; adapt camera/parallax explicitly
acid2-saintlogic-passerelle,SaintLogic — passerelle suspendue,acid2,x22SaintBridge,,procedural-Canvas-scene,4,,Replace procedural presentation with original-edition referenced native plans; adapt camera/parallax explicitly
mgs3-groznyj-grad-caserne,Groznyj Grad — caserne,mgs3,x22Barracks,,procedural-Canvas-scene,4,,Replace procedural presentation with original-edition referenced native plans; adapt camera/parallax explicitly
revenge-jungle-base,Base de jungle — Opération 747,revenge,srJungle,,procedural-Canvas-scene,4,,Replace procedural presentation with original-edition referenced native plans; adapt camera/parallax explicitly
revenge-cargo-pont,Cargo — pont logistique,revenge,srCargo,,procedural-Canvas-scene,4,,Replace procedural presentation with original-edition referenced native plans; adapt camera/parallax explicitly
revenge-train-fret,Train de fret — convoi,revenge,srTrain,,procedural-Canvas-scene,4,,Replace procedural presentation with original-edition referenced native plans; adapt camera/parallax explicitly
revenge-salle-commandement,Forteresse — salle du commandant,revenge,srCommand,,procedural-Canvas-scene,4,,Replace procedural presentation with original-edition referenced native plans; adapt camera/parallax explicitly
mgs3-pont-shagohod,Groznyj Grad — tête de pont,mgs3,shgBridge,,procedural-Canvas-scene,1,,Replace procedural presentation with original-edition referenced native plans; adapt camera/parallax explicitly
mgs3-riviere-the-sorrow,La rivière — The Sorrow,mgs3,sorrowRiver,,procedural-Canvas-scene,4,,Replace procedural presentation with original-edition referenced native plans; adapt camera/parallax explicitly
mgs4-rat-patrol-cour-exercice,Rat Patrol — cour d’exercice,mgs4,ratPatrolCourt,,procedural-Canvas-scene,4,,Replace procedural presentation with original-edition referenced native plans; adapt camera/parallax explicitly
mgs2-passerelle-harrier,Big Shell — passerelle du Harrier,mgs2,harrierBridge,,procedural-Canvas-scene,4,,Replace procedural presentation with original-edition referenced native plans; adapt camera/parallax explicitly
ghost-galuade-cellule-gander,Galuade — cellule de démantèlement Gander,ghost,ganderChamber,,procedural-Canvas-scene,0,/tmp/cqc-next-gander-stage-v1,Review existing partial top-down3 plans and projection before promotion
mpo-site-essai-raxa,San Hieronymo — aire du prototype RAXA,mpo,raxaRange,mpo_raxa_test_hangar,native-reviewed-planes,9,,Preserve existing native alias; no new stage claimed
mpo-silo-lancement-icbmg,San Hieronymo — lancement de l’ICBMG,mpo,icbmgLaunch,,procedural-Canvas-scene,4,,Replace procedural presentation with original-edition referenced native plans; adapt camera/parallax explicitly
tpp-afghanistan-sahelanthropus-canyon,Afghanistan — canyon de Sahelanthropus,tpp,sahelCanyon,,procedural-Canvas-scene,1,,Replace procedural presentation with original-edition referenced native plans; adapt camera/parallax explicitly
pw-pupa-operation,Mine à ciel ouvert — Pupa,pw,pwPupa,,procedural-Canvas-scene,1,,Replace procedural presentation with original-edition referenced native plans; adapt camera/parallax explicitly
pw-chrysalis-operation,Ruines et jungle — Chrysalis,pw,pwChrysalis,,procedural-Canvas-scene,1,,Replace procedural presentation with original-edition referenced native plans; adapt camera/parallax explicitly
pw-cocoon-operation,Forteresse de montagne — Cocoon,pw,pwCocoon,,procedural-Canvas-scene,1,,Replace procedural presentation with original-edition referenced native plans; adapt camera/parallax explicitly
pw-peace-walker-operation,Plateforme du Basilic — Peace Walker,pw,pwPeaceWalker,,procedural-Canvas-scene,1,,Replace procedural presentation with original-edition referenced native plans; adapt camera/parallax explicitly
