uid,name,episode,status
core__khamsin,KHAMSIN,MGR / RENFORTS,procedural-no-native-combat-entry
core__night_fright,NIGHT FRIGHT,MG2 / RENFORTS,procedural-no-native-combat-entry
core__snake_mg1,SOLID SNAKE — MG1,METAL GEAR / INTRUDE N313,procedural-no-native-combat-entry
core__shotmaker,SHOTMAKER,METAL GEAR / SHOOT GUNNER,procedural-no-native-combat-entry
core__machinegun_kid,MACHINEGUN KID,METAL GEAR / OUTER HEAVEN,procedural-no-native-combat-entry
core__dirtyduck,DIRTY DUCK,METAL GEAR / COWARD DUCK,procedural-no-native-combat-entry
core__bigboss_mg1,BIG BOSS — MG1,METAL GEAR / COMMANDANT FINAL,procedural-no-native-combat-entry
core__snake_mg2,SOLID SNAKE — MG2,METAL GEAR 2 / ZANZIBAR LAND,procedural-no-native-combat-entry
core__fox_mg2,GRAY FOX — MG2,METAL GEAR 2 / DUEL À MAINS NUES,procedural-no-native-combat-entry
core__bigboss_mg2,BIG BOSS — MG2,METAL GEAR 2 / ZANZIBAR LAND,procedural-no-native-combat-entry
core__hawk,SLASHER HAWK,GHOST BABEL / BLACK CHAMBER,procedural-no-native-combat-entry
core__owl,MARIONETTE OWL,GHOST BABEL / BLACK CHAMBER,procedural-no-native-combat-entry
core__pyro,PYRO BISON,GHOST BABEL / BLACK CHAMBER,procedural-no-native-combat-entry
core__mistral,MISTRAL,REVENGEANCE / DESPERADO,procedural-no-native-combat-entry
core__monsoon,MONSOON,REVENGEANCE / DESPERADO,procedural-no-native-combat-entry
core__sundowner,SUNDOWNER,REVENGEANCE / DESPERADO,procedural-no-native-combat-entry
core__armstrong,STEVEN ARMSTRONG,REVENGEANCE / NANOMACHINES,procedural-no-native-combat-entry
core__ocelot_mgs1,REVOLVER OCELOT,MGS1 / FOXHOUND,procedural-no-native-combat-entry
core__volgin,VOLGIN,GRU / THUNDERBOLT,procedural-no-native-combat-entry
core__raiden,RAIDEN,REVENGEANCE / CYBORG,procedural-no-native-combat-entry
core__sam,JETSTREAM SAM,REVENGEANCE / MURASAMA,procedural-no-native-combat-entry
core__kaz_pw,KAZUHIRA MILLER — MSF,PW / CONTENU 0.22,procedural-no-native-combat-entry
core__amanda_pw,AMANDA VALENCIANO LIBRE,PW / CONTENU 0.22,procedural-no-native-combat-entry
core__snake_gz,BIG BOSS — GROUND ZEROES,MGSV / CONTENU 0.22,procedural-no-native-combat-entry
core__raikov_mgs3,IVAN RAIDENOVITCH RAIKOV,MGS3 / CONTENU 0.22,procedural-no-native-combat-entry
core__jonathan_mpo,JONATHAN — PORTABLE OPS,MPO / CONTENU 0.22,procedural-no-native-combat-entry
core__snake_acid2,SNAKE — AC!D 2,AC!D 2 / SIMULATION VERSUS,procedural-no-native-combat-entry
core__snake_sr,SOLID SNAKE — SNAKE’S REVENGE,SNAKE’S REVENGE / OPERATION 747,procedural-no-native-combat-entry
core__john_sr,JOHN TURNER,SNAKE’S REVENGE / OPERATION 747,procedural-no-native-combat-entry
core__nick_sr,NICK MYER,SNAKE’S REVENGE / OPERATION 747,procedural-no-native-combat-entry
core__bigboss_sr,BIG BOSS — CYBORG / SR,SNAKE’S REVENGE / OPERATION 747,procedural-no-native-combat-entry
core__ed_mgs4,ED — RAT PATROL,MGS4 / RAT PATROL TEAM 01,procedural-no-native-combat-entry
core__jonathan_mgs4,JONATHAN — RAT PATROL,MGS4 / RAT PATROL TEAM 01,procedural-no-native-combat-entry
archive__drebin,DREBIN 893,MGS4,procedural-no-native-combat-entry
archive__big_mama,BIG MAMA,MGS4,procedural-no-native-combat-entry
archive__zadornov,VLADIMIR ZADORNOV,PEACE WALKER,procedural-no-native-combat-entry
archive__coldman,HOT COLDMAN,PEACE WALKER,procedural-no-native-combat-entry
archive__eli,ELI,MGSV,procedural-no-native-combat-entry
archive__man_on_fire,MAN ON FIRE,MGSV,procedural-no-native-combat-entry
archive__tretij,TRETij REBENOK,MGSV,procedural-no-native-combat-entry
archive__vince,VINCE,AC!D 2,procedural-no-native-combat-entry
archive__harab,HARAB SERAP,AC!D 2,procedural-no-native-combat-entry
archive__golab,GOLAB,AC!D 2,procedural-no-native-combat-entry
archive__chaigidiel,CHAIGIDIEL,AC!D 2,procedural-no-native-combat-entry
archive__captain,CAPTAIN,SURVIVE,procedural-no-native-combat-entry
archive__reeve,REEVE,SURVIVE,procedural-no-native-combat-entry
archive__seth,SETH,SURVIVE,procedural-no-native-combat-entry
archive__decoy,DECOY OCTOPUS,MGS1,procedural-no-native-combat-entry
archive__elisa,ELISA / URSULA,PORTABLE OPS,procedural-no-native-combat-entry
archive__snake_nes,SOLID SNAKE — NES,METAL GEAR NES,procedural-no-native-combat-entry
archive__snake_tts,SOLID SNAKE — TWIN SNAKES,THE TWIN SNAKES,procedural-no-native-combat-entry
archive__naked_delta,NAKED SNAKE — DELTA,MGS DELTA,procedural-no-native-combat-entry
archive__snake_vr,SOLID SNAKE — VR,VR MISSIONS,procedural-no-native-combat-entry
archive__raiden_vr,RAIDEN — VR,MGS2 VR,procedural-no-native-combat-entry
archive__snake_mobile,SOLID SNAKE — MOBILE,MGS MOBILE,procedural-no-native-combat-entry
archive__old_snake_touch,OLD SNAKE — TOUCH,MGS TOUCH,procedural-no-native-combat-entry
archive__raiden_rising_proto,RAIDEN — RISING PROTOTYPE,MGS RISING,procedural-no-native-combat-entry
archive__fox_plus,FOX SOLDIER — PLUS,PORTABLE OPS PLUS,procedural-no-native-combat-entry
archive__genome_mgo1,GENOME OPERATIVE,MGO1,procedural-no-native-combat-entry
archive__pmc_mgo2,PMC OPERATIVE,MGO2,procedural-no-native-combat-entry
archive__dd_mgo3,DIAMOND DOGS OPERATIVE,MGO3,procedural-no-native-combat-entry
archive__arcade_operator,ARCADE OPERATIVE,METAL GEAR ARCADE,procedural-no-native-combat-entry
archive__social_agent,SOCIAL OPS AGENT,SOCIAL OPS,procedural-no-native-combat-entry
archive__snake_acid_mobile,SNAKE — AC!D MOBILE,AC!D MOBILE,procedural-no-native-combat-entry
archive__venus_acid2_mobile,VENUS — AC!D2 MOBILE,AC!D 2 MOBILE,procedural-no-native-combat-entry
archive__haven_trooper,HAVEN TROOPER,MGS4,procedural-no-native-combat-entry
archive__dwalker,D-WALKER,MGSV,procedural-no-native-combat-entry
archive__ddog,D-DOG,MGSV,procedural-no-native-combat-entry
archive__goodluck,GOODLUCK,SURVIVE,procedural-no-native-combat-entry
archive__gray_fox_mg1,GRAY FOX — OUTER HEAVEN,MG1,procedural-no-native-combat-entry
archive__holly_white,HOLLY WHITE,MG2,procedural-no-native-combat-entry
archive__gustava_heffner,GUSTAVA HEFFNER,MG2,procedural-no-native-combat-entry
archive__johnny_mgs1,JOHNNY SASAKI — MGS1,MGS1,procedural-no-native-combat-entry
archive__sergei_gurlukovich,SERGEI GURLUKOVICH,MGS2,procedural-no-native-combat-entry
archive__scott_dolph,SCOTT DOLPH,MGS2,procedural-no-native-combat-entry
archive__chico_pw,CHICO,PEACE WALKER,procedural-no-native-combat-entry
archive__ishmael,ISHMAEL,MGSV,procedural-no-native-combat-entry
archive__dhorse,D-HORSE,MGSV,procedural-no-native-combat-entry
archive__walker_gear,WALKER GEAR,MGSV,procedural-no-native-combat-entry
archive__jennifer_sr,JENNIFER — SNAKE’S REVENGE,SNAKE'S REVENGE,procedural-no-native-combat-entry
archive__weasel_gb,WEASEL,GHOST BABEL,procedural-no-native-combat-entry
archive__koppelthorn,THOMAS KOPPELTHORN,AC!D 2,procedural-no-native-combat-entry
archive__lucy_acid2,LUCY / LUCINDA,AC!D 2,procedural-no-native-combat-entry
archive__miranda_survive,MIRANDA,SURVIVE,procedural-no-native-combat-entry
archive__chris_survive,CHRIS,SURVIVE,procedural-no-native-combat-entry
archive__nicholas_survive,NICHOLAS,SURVIVE,procedural-no-native-combat-entry
archive__virgil_at9,VIRGIL AT-9,SURVIVE,procedural-no-native-combat-entry
archive__skowronski_mpo,COLONEL SKOWRONSKI,PORTABLE OPS,procedural-no-native-combat-entry
archive__dan_survive,DAN,SURVIVE,procedural-no-native-combat-entry
archive__carter_survive,CARTER,SURVIVE,procedural-no-native-combat-entry
completion__mk2_mgs4,METAL GEAR MK. II,MGS4,procedural-no-native-combat-entry
completion__mk3_mgs4,METAL GEAR MK. III,MGS4,procedural-no-native-combat-entry
completion__gekko_mgs4,GEKKO — SIMULATION,MGS4,procedural-no-native-combat-entry
completion__dwarf_gekko_mgs4,DWARF GEKKO — UNITÉ,MGS4,procedural-no-native-combat-entry
completion__little_gray_mgs4,LITTLE GRAY,MGS4,procedural-no-native-combat-entry
completion__gary_murray,GARY MURRAY,AC!D,procedural-no-native-combat-entry
completion__flemming_acid,WILLIAM L. FLEMMING,AC!D,procedural-no-native-combat-entry
completion__dalton_acid2,DALTON — AC!D 2,AC!D 2,procedural-no-native-combat-entry
completion__wiseman_acid2,WISEMAN,AC!D 2,procedural-no-native-combat-entry
completion__ronald_lensen,RONALD LENSEN,GHOST BABEL,procedural-no-native-combat-entry
completion__augustine_eguabon,AUGUSTINE EGUABON,GHOST BABEL,procedural-no-native-combat-entry
completion__sophie_ndram,SOPHIE N’DRAM,GHOST BABEL,procedural-no-native-combat-entry
completion__eva_mpo,EVA — PORTABLE OPS,PORTABLE OPS,procedural-no-native-combat-entry
completion__ocelot_mpo,OCELOT — PORTABLE OPS,PORTABLE OPS,procedural-no-native-combat-entry
completion__raikov_mpo,RAIKOV — PORTABLE OPS,PORTABLE OPS,procedural-no-native-combat-entry
completion44__genome_soldier_44,GENOME SOLDIER,MGS1,procedural-no-native-combat-entry
completion44__gurlukovich_merc_44,GURLUKOVICH MERCENARY,MGS2,procedural-no-native-combat-entry
completion44__navy_seal_44,NAVY SEAL,MGS2,procedural-no-native-combat-entry
completion44__tengu_soldier_44,TENGU SOLDIER,MGS2,procedural-no-native-combat-entry
completion44__ocelot_unit_soldier_44,OCELOT UNIT SOLDIER,MGS3,procedural-no-native-combat-entry
completion44__gru_heavy_44,GRU HEAVY GUNNER,MGS3,procedural-no-native-combat-entry
completion44__raven_sword_pmc_44,RAVEN SWORD PMC,MGS4,procedural-no-native-combat-entry
completion44__praying_mantis_pmc_44,PRAYING MANTIS PMC,MGS4,procedural-no-native-combat-entry
completion44__pieuvre_armement_pmc_44,PIEUVRE ARMEMENT PMC,MGS4,procedural-no-native-combat-entry
completion44__werewolf_pmc_44,WEREWOLF PMC,MGS4,procedural-no-native-combat-entry
completion44__xof_trooper_44,XOF TROOPER,GROUND ZEROES,procedural-no-native-combat-entry
completion44__msf_soldier_44,MSF SOLDIER,PEACE WALKER,procedural-no-native-combat-entry
completion44__diamond_dogs_scout_44,DIAMOND DOGS SCOUT,MGSV,procedural-no-native-combat-entry
completion44__parasite_camo_44,PARASITE UNIT — CAMO,MGSV,procedural-no-native-combat-entry
completion44__armored_wanderer_44,ARMORED WANDERER,SURVIVE,procedural-no-native-combat-entry
completion44__wanderer_bomber_44,WANDERER BOMBER,SURVIVE,procedural-no-native-combat-entry
completion44__zanzibar_mercenary_44,ZANZIBAR MERCENARY,METAL GEAR 2,procedural-no-native-combat-entry
completion44__black_chamber_soldier_44,BLACK CHAMBER SOLDIER,GHOST BABEL,procedural-no-native-combat-entry
completion44__saintlogic_guard_44,SAINTLOGIC GUARD,AC!D 2,procedural-no-native-combat-entry
completion44__fox_trooper_mpo_44,FOX TROOPER,PORTABLE OPS,procedural-no-native-combat-entry
roster50__diane_mg1,DIANE — OUTER HEAVEN,METAL GEAR,procedural-no-native-combat-entry
roster50__schneider_mg1,SCHNEIDER — OUTER HEAVEN,METAL GEAR,procedural-no-native-combat-entry
roster50__madnar_mg1,DR. PETTROVICH MADNAR — MG1,METAL GEAR,procedural-no-native-combat-entry
roster50__ellen_mg1,ELLEN MADNAR,METAL GEAR,procedural-no-native-combat-entry
roster50__steve_mg1,STEVE — RÉSISTANCE,METAL GEAR,procedural-no-native-combat-entry
roster50__jennifer_mg1,JENNIFER — OUTER HEAVEN,METAL GEAR,procedural-no-native-combat-entry
roster50__campbell_mg2,ROY CAMPBELL — MG2,METAL GEAR 2,procedural-no-native-combat-entry
roster50__miller_mg2,MASTER MILLER — MG2,METAL GEAR 2,procedural-no-native-combat-entry
roster50__kasler_mg2,GEORGE KASLER,METAL GEAR 2,procedural-no-native-combat-entry
roster50__marv_mg2,DR. KIO MARV,METAL GEAR 2,procedural-no-native-combat-entry
roster50__jacobsen_mg2,JOHAN JACOBSEN,METAL GEAR 2,procedural-no-native-combat-entry
roster50__madnar_mg2,DR. MADNAR — MG2,METAL GEAR 2,procedural-no-native-combat-entry
roster50__four_horsemen_mg2,FOUR HORSEMEN,METAL GEAR 2,procedural-no-native-combat-entry
roster50__campbell_mgs1,ROY CAMPBELL — MGS1,MGS1,procedural-no-native-combat-entry
roster50__otacon_mgs1,OTACON — MGS1,MGS1,procedural-no-native-combat-entry
roster50__naomi_mgs1,NAOMI HUNTER — MGS1,MGS1,procedural-no-native-combat-entry
roster50__mei_mgs1,MEI LING — MGS1,MGS1,procedural-no-native-combat-entry
roster50__nastasha_mgs1,NASTASHA ROMANENKO,MGS1,procedural-no-native-combat-entry
roster50__anderson_mgs1,DONALD ANDERSON,MGS1,procedural-no-native-combat-entry
roster50__baker_mgs1,KENNETH BAKER,MGS1,procedural-no-native-combat-entry
roster50__houseman_mgs1,JIM HOUSEMAN,MGS1,procedural-no-native-combat-entry
roster50__rose_mgs2,ROSEMARY — MGS2,MGS2,procedural-no-native-combat-entry
roster50__emma_mgs2,EMMA EMMERICH,MGS2,procedural-no-native-combat-entry
roster50__stillman_mgs2,PETER STILLMAN,MGS2,procedural-no-native-combat-entry
roster50__ames_mgs2,RICHARD AMES,MGS2,procedural-no-native-combat-entry
roster50__johnson_mgs2,PRESIDENT JAMES JOHNSON,MGS2,procedural-no-native-combat-entry
roster50__colonel_ai_mgs2,COLONEL AI,MGS2,procedural-no-native-combat-entry
roster50__otacon_mgs2,OTACON — MGS2,MGS2,procedural-no-native-combat-entry
roster50__zero_mgs3,MAJOR ZERO,MGS3,procedural-no-native-combat-entry
roster50__paramedic_mgs3,PARA-MEDIC,MGS3,procedural-no-native-combat-entry
roster50__sigint_mgs3,SIGINT,MGS3,procedural-no-native-combat-entry
roster50__sokolov_mgs3,NIKOLAI SOKOLOV,MGS3,procedural-no-native-combat-entry
roster50__granin_mgs3,ALEKSANDR GRANIN,MGS3,procedural-no-native-combat-entry
roster50__johnny_sr_mgs3,JOHNNY SASAKI SR.,MGS3,procedural-no-native-combat-entry
roster50__huey_pw,HUEY EMMERICH — PW,PEACE WALKER,procedural-no-native-combat-entry
roster50__strangelove_pw,STRANGELOVE,PEACE WALKER,procedural-no-native-combat-entry
roster50__cecile_pw,CÉCILE COSIMA CAMINADES,PEACE WALKER,procedural-no-native-combat-entry
roster50__kaz_mgsv,KAZUHIRA MILLER — MGSV,MGSV,procedural-no-native-combat-entry
roster50__codetalker_mgsv,CODE TALKER,MGSV,procedural-no-native-combat-entry
roster50__huey_mgsv,HUEY EMMERICH — MGSV,MGSV,procedural-no-native-combat-entry
roster50__campbell_mgs4,ROY CAMPBELL — MGS4,MGS4,procedural-no-native-combat-entry
roster50__otacon_mgs4,OTACON — MGS4,MGS4,procedural-no-native-combat-entry
roster50__naomi_mgs4,NAOMI HUNTER — MGS4,MGS4,procedural-no-native-combat-entry
roster50__rose_mgs4,ROSEMARY — MGS4,MGS4,procedural-no-native-combat-entry
roster50__meiling_mgs4,MEI LING — MGS4,MGS4,procedural-no-native-combat-entry
roster50__boris_mgr,BORIS POPOV,REVENGEANCE,procedural-no-native-combat-entry
roster50__kevin_mgr,KEVIN WASHINGTON,REVENGEANCE,procedural-no-native-combat-entry
roster50__courtney_mgr,COURTNEY COLLINS,REVENGEANCE,procedural-no-native-combat-entry
roster50__doktor_mgr,DOKTOR,REVENGEANCE,procedural-no-native-combat-entry
roster50__nmani_mgr,PRIME MINISTER N’MANI,REVENGEANCE,procedural-no-native-combat-entry
roster50__george_mgr,GEORGE,REVENGEANCE,procedural-no-native-combat-entry
roster50__campbell_gb,ROY CAMPBELL — GHOST BABEL,GHOST BABEL,procedural-no-native-combat-entry
roster50__meiling_gb,MEI LING — GHOST BABEL,GHOST BABEL,procedural-no-native-combat-entry
roster50__mcbride_gb,BRIAN McBRIDE,GHOST BABEL,procedural-no-native-combat-entry
roster50__harks_gb,JAMES HARKS,GHOST BABEL,procedural-no-native-combat-entry
roster50__mccoy_acid,ROGER McCOY,AC!D,procedural-no-native-combat-entry
roster50__alice_acid,ALICE HAZEL,AC!D,procedural-no-native-combat-entry
roster50__takiyama_acid2,MICHIKO TAKIYAMA,AC!D 2,procedural-no-native-combat-entry
roster50__otacon_mobile,OTACON — MGS MOBILE,MGS MOBILE,procedural-no-native-combat-entry
roster50__commander_mobile,THE COMMANDER — MGS MOBILE,MGS MOBILE,procedural-no-native-combat-entry
roster51__meryl_tts,MERYL — TWIN SNAKES,THE TWIN SNAKES,procedural-no-native-combat-entry
roster51__otacon_tts,OTACON — TWIN SNAKES,THE TWIN SNAKES,procedural-no-native-combat-entry
roster51__ocelot_tts,REVOLVER OCELOT — TWIN SNAKES,THE TWIN SNAKES,procedural-no-native-combat-entry
roster51__grayfox_tts,GRAY FOX — TWIN SNAKES,THE TWIN SNAKES,procedural-no-native-combat-entry
roster51__liquid_tts,LIQUID SNAKE — TWIN SNAKES,THE TWIN SNAKES,procedural-no-native-combat-entry
roster51__mantis_tts,PSYCHO MANTIS — TWIN SNAKES,THE TWIN SNAKES,procedural-no-native-combat-entry
roster51__wolf_tts,SNIPER WOLF — TWIN SNAKES,THE TWIN SNAKES,procedural-no-native-combat-entry
roster51__raven_tts,VULCAN RAVEN — TWIN SNAKES,THE TWIN SNAKES,procedural-no-native-combat-entry
roster51__decoy_tts,DECOY OCTOPUS — TWIN SNAKES,THE TWIN SNAKES,procedural-no-native-combat-entry
roster51__johnny_tts,JOHNNY SASAKI — TWIN SNAKES,THE TWIN SNAKES,procedural-no-native-combat-entry
roster51__sorrow_mgs3,THE SORROW,MGS3,procedural-no-native-combat-entry
roster51__boss_delta,THE BOSS — DELTA,MGS DELTA,procedural-no-native-combat-entry
roster51__eva_delta,EVA — DELTA,MGS DELTA,procedural-no-native-combat-entry
roster51__ocelot_delta,OCELOT — DELTA,MGS DELTA,procedural-no-native-combat-entry
roster51__volgin_delta,VOLGIN — DELTA,MGS DELTA,procedural-no-native-combat-entry
roster51__pain_delta,THE PAIN — DELTA,MGS DELTA,procedural-no-native-combat-entry
roster51__fear_delta,THE FEAR — DELTA,MGS DELTA,procedural-no-native-combat-entry
roster51__end_delta,THE END — DELTA,MGS DELTA,procedural-no-native-combat-entry
roster51__fury_delta,THE FURY — DELTA,MGS DELTA,procedural-no-native-combat-entry
roster51__sorrow_delta,THE SORROW — DELTA,MGS DELTA,procedural-no-native-combat-entry
roster51__zero_delta,MAJOR ZERO — DELTA,MGS DELTA,procedural-no-native-combat-entry
roster51__paramedic_delta,PARA-MEDIC — DELTA,MGS DELTA,procedural-no-native-combat-entry
roster51__sigint_delta,SIGINT — DELTA,MGS DELTA,procedural-no-native-combat-entry
roster51__sokolov_delta,NIKOLAI SOKOLOV — DELTA,MGS DELTA,procedural-no-native-combat-entry
roster51__granin_delta,ALEKSANDR GRANIN — DELTA,MGS DELTA,procedural-no-native-combat-entry
roster51__raikov_delta,IVAN RAIKOV — DELTA,MGS DELTA,procedural-no-native-combat-entry
roster51__johnny_delta,JOHNNY SASAKI SR. — DELTA,MGS DELTA,procedural-no-native-combat-entry
roster51__guy_savage_delta,GUY SAVAGE Δ,MGS DELTA,procedural-no-native-combat-entry
roster51__ghost_mpo,PRIVIDYENIE / GHOST,PORTABLE OPS,procedural-no-native-combat-entry
roster51__dolzaev_mgr,DOLZAEV,REVENGEANCE,procedural-no-native-combat-entry
roster51__pliskin_mgs2,IROQUOIS PLISKIN,MGS2,procedural-no-native-combat-entry
roster51__galvez_pw,RAMÓN GÁLVEZ MENA,PEACE WALKER,procedural-no-native-combat-entry
roster51__general_gb,THE GENERAL / EGUABON,GHOST BABEL,procedural-no-native-combat-entry
roster51__miller_mgs1,MASTER MILLER — MGS1,MGS1,procedural-no-native-combat-entry
npc53__dr_clark_mgs1,DR. CLARK,MGS1,procedural-no-native-combat-entry
npc53__carlos_esmeralda_mgs1,CARLOS ESMERALDA — PROTOTYPE,MGS1,procedural-no-native-combat-entry
npc53__dead_cell_mystic_mgs2,DEAD CELL MYSTIC — PROTOTYPE,MGS2,procedural-no-native-combat-entry
npc53__old_boy_mgs2,OLD BOY — PROTOTYPE,MGS2,procedural-no-native-combat-entry
npc53__max_wark_mgs2,MAX WARK — PROTOTYPE AI,MGS2,procedural-no-native-combat-entry
npc53__doc_wilson_mgs2,DOC WILSON — PROTOTYPE AI,MGS2,procedural-no-native-combat-entry
npc53__daniel_quinn_mgs2,DANIEL QUINN — PROTOTYPE AI,MGS2,procedural-no-native-combat-entry
npc53__tatyana_mgs3,TATYANA,MGS3,procedural-no-native-combat-entry
npc53__adam_mgs3,ADAM,MGS3,procedural-no-native-combat-entry
npc53__end_parrot_mgs3,THE END’S PARROT,MGS3,procedural-no-native-combat-entry
npc53__boss_horse_mgs3,THE BOSS’S HORSE,MGS3,procedural-no-native-combat-entry
npc53__chico_gz,CHICO — GROUND ZEROES,GROUND ZEROES,procedural-no-native-combat-entry
npc53__skull_face_gz,SKULL FACE — GROUND ZEROES,GROUND ZEROES,procedural-no-native-combat-entry
npc53__kaz_gz,KAZUHIRA MILLER — GROUND ZEROES,GROUND ZEROES,procedural-no-native-combat-entry
npc53__msf_medic_gz,MSF MEDIC — GROUND ZEROES,GROUND ZEROES,procedural-no-native-combat-entry
npc53__glaz_gz,GLAZ / THE EYE,GROUND ZEROES,procedural-no-native-combat-entry
npc53__palitz_gz,PALITZ / THE FINGER,GROUND ZEROES,procedural-no-native-combat-entry
npc53__morpho_gz,MORPHO — PILOT,GROUND ZEROES,procedural-no-native-combat-entry
npc53__mosquito_tpp,MOSQUITO,MGSV,procedural-no-native-combat-entry
npc53__shabani_tpp,SHABANI,MGSV,procedural-no-native-combat-entry
npc53__malak_tpp,MALAK,MGSV,procedural-no-native-combat-entry
npc53__viscount_tpp,THE VISCOUNT,MGSV,procedural-no-native-combat-entry
npc53__paz_phantom_tpp,PAZ — MEDICAL PLATFORM,MGSV,procedural-no-native-combat-entry
npc53__zero_cipher_tpp,ZERO — CIPHER TAPES,MGSV,procedural-no-native-combat-entry
npc53__zero_2014_mgs4,MAJOR ZERO — 2014,MGS4,procedural-no-native-combat-entry
npc53__jd_ai_mgs4,JD AI,MGS4,procedural-no-native-combat-entry
npc53__gw_ai_mgs4,GW AI — 2014,MGS4,procedural-no-native-combat-entry
npc53__tj_ai_mgs4,TJ AI,MGS4,procedural-no-native-combat-entry
npc53__tr_ai_mgs4,TR AI,MGS4,procedural-no-native-combat-entry
npc53__al_ai_mgs4,AL AI,MGS4,procedural-no-native-combat-entry
npc53__adam_prototype_mgs4,ADAM — MGS4 PROTOTYPE,MGS4,procedural-no-native-combat-entry
npc53__reptile_pod_pw,REPTILE POD AI,PEACE WALKER,procedural-no-native-combat-entry
npc53__avian_pod_pw,AVIAN POD AI,PEACE WALKER,procedural-no-native-combat-entry
npc53__arthropod_pod_pw,ARTHROPOD POD AI,PEACE WALKER,procedural-no-native-combat-entry
npc53__mammal_pod_pw,MAMMAL POD / THE BOSS AI,PEACE WALKER,procedural-no-native-combat-entry
npc53__sokolov_mpo,NIKOLAI SOKOLOV — PORTABLE OPS,PORTABLE OPS,procedural-no-native-combat-entry
npc53__zero_mpo,MAJOR ZERO — PORTABLE OPS,PORTABLE OPS,procedural-no-native-combat-entry
npc53__paramedic_mpo,PARA-MEDIC — PORTABLE OPS,PORTABLE OPS,procedural-no-native-combat-entry
npc53__sigint_mpo,SIGINT — PORTABLE OPS,PORTABLE OPS,procedural-no-native-combat-entry
npc53__teliko_mpo,TELIKO — PORTABLE OPS,PORTABLE OPS,procedural-no-native-combat-entry
npc53__venus_mpo,VENUS — PORTABLE OPS,PORTABLE OPS,procedural-no-native-combat-entry
npc53__old_snake_mpo_plus,OLD SNAKE — PORTABLE OPS+,PORTABLE OPS+,procedural-no-native-combat-entry
npc53__raiden_mpo_plus,RAIDEN — PORTABLE OPS+,PORTABLE OPS+,procedural-no-native-combat-entry
npc53__viggo_hach_acid,VIGGO HACH,AC!D,procedural-no-native-combat-entry
npc53__lena_arrow_acid,LENA ARROW,AC!D,procedural-no-native-combat-entry
npc53__minette_acid,MINETTE DONNELL / CONSTANCE FLEMMING,AC!D,procedural-no-native-combat-entry
npc53__schmeiser_acid,CHARLES SCHMEISER,AC!D,procedural-no-native-combat-entry
npc53__elsie_frances_acid,ELSIE & FRANCES,AC!D,procedural-no-native-combat-entry
npc53__hans_davis_acid,HANS DAVIS,AC!D,procedural-no-native-combat-entry
npc53__jeff_jones_acid,JEFF JONES — IDENTITÉ DE LEONE,AC!D,procedural-no-native-combat-entry
npc53__rodzinski_acid2,RODZINSKI,AC!D 2,procedural-no-native-combat-entry
npc53__bb_acid2,B.B.,AC!D 2,procedural-no-native-combat-entry
npc53__lucinda_acid2,LUCINDA KOPPELTHORN,AC!D 2,procedural-no-native-combat-entry
npc53__consuela_acid2,CONSUELA ALVAREZ,AC!D 2,procedural-no-native-combat-entry
npc53__dave_copeland_acid2,DAVE COPELAND,AC!D 2,procedural-no-native-combat-entry
npc53__roddy_louiz_acid2,RODDY LOUIZ,AC!D 2,procedural-no-native-combat-entry
npc53__delgado_acid2,DELGADO,AC!D 2,procedural-no-native-combat-entry
npc53__escobar_acid2,ESCOBAR,AC!D 2,procedural-no-native-combat-entry
npc53__victoria_reed_mobile,VICTORIA REED,MGS MOBILE,procedural-no-native-combat-entry
npc53__vr_otacon_mobile,VR OTACON — MOBILE,MGS MOBILE,procedural-no-native-combat-entry
npc53__joseph_gruen_survive,JOSEPH GRUEN,SURVIVE,procedural-no-native-combat-entry
npc53__chloe_dubois_survive,CHLOE DUBOIS,SURVIVE,procedural-no-native-combat-entry
npc53__enrique_survive,ENRIQUE,SURVIVE,procedural-no-native-combat-entry
