encounter,nativeEditionID,scope,status,priority,qualification
rex,rex_mgs1_ps1,Core,native-separated-parts-mapped-in-PASS16-source,9,"Presentation coverage; source-fidelity limits and actual fight QA remain edition-specific, not full original campaign"
ray,ray_mgs2_arsenal,Core,native-separated-parts-mapped-in-PASS16-source,9,"Presentation coverage; source-fidelity limits and actual fight QA remain edition-specific, not full original campaign"
mgd,mgd_mg2_msx2,Core,native-separated-parts-mapped-in-PASS16-source,9,"Presentation coverage; source-fidelity limits and actual fight QA remain edition-specific, not full original campaign"
tx55,tx55_mg1_msx1987,Core,native-separated-parts-mapped-in-PASS16-source,9,"Presentation coverage; source-fidelity limits and actual fight QA remain edition-specific, not full original campaign"
icbmg,icbmg_mpo_psp2006,Core,native-separated-parts-mapped-in-PASS16-source,9,"Presentation coverage; source-fidelity limits and actual fight QA remain edition-specific, not full original campaign"
raxa,raxa_mpo_psp2006,Core,native-separated-parts-mapped-in-PASS16-source,9,"Presentation coverage; source-fidelity limits and actual fight QA remain edition-specific, not full original campaign"
gander,gander_ghost_gbc2000,Core,native-separated-parts-mapped-in-PASS16-source,9,"Presentation coverage; source-fidelity limits and actual fight QA remain edition-specific, not full original campaign"
zeke,zeke_pw_psp2010,Core,native-separated-parts-mapped-in-PASS16-source,9,"Presentation coverage; source-fidelity limits and actual fight QA remain edition-specific, not full original campaign"
shagohod,shagohod_mgs3_ps2_2004,Core,native-separated-parts-mapped-in-PASS16-source,9,"Presentation coverage; source-fidelity limits and actual fight QA remain edition-specific, not full original campaign"
sahelanthropus,sahelanthropus_mgsv2015,Core,native-separated-parts-mapped-in-PASS16-source,9,"Presentation coverage; source-fidelity limits and actual fight QA remain edition-specific, not full original campaign"
pupa,pupa_pw_psp2010,Core,native-separated-parts-mapped-in-PASS16-source,9,"Presentation coverage; source-fidelity limits and actual fight QA remain edition-specific, not full original campaign"
chrysalis,chrysalis_pw_psp2010,Core,native-separated-parts-mapped-in-PASS16-source,9,"Presentation coverage; source-fidelity limits and actual fight QA remain edition-specific, not full original campaign"
cocoon,cocoon_pw_psp2010,Core,native-separated-parts-mapped-in-PASS16-source,9,"Presentation coverage; source-fidelity limits and actual fight QA remain edition-specific, not full original campaign"
peace_walker,peacewalker_pw_psp2010,Core,native-separated-parts-mapped-in-PASS16-source,9,"Presentation coverage; source-fidelity limits and actual fight QA remain edition-specific, not full original campaign"
kodoque,kodoque_acid_psp2004,Independent Ac!d,native-separated-parts-mapped-in-PASS16-source,9,Independent grid module lifecycle/loading must be browser checked; not a Core encounter or complete Ac!d campaign
chaioth,chaioth_acid2_psp2005,Independent Ac!d,native-separated-parts-mapped-in-PASS16-source,9,Independent grid module lifecycle/loading must be browser checked; not a Core encounter or complete Ac!d campaign
harrier,,Core,still-procedural-next-work,1,"Original MGS2 aircraft, not a Metal Gear; inspect flight/damage state references"
ray_mgr,,Independent Revengeance,still-procedural-next-work,2,MGR unmanned RAY edition; existing MGS2 Arsenal RAY is not a substitute
grad_mgr,,Independent Revengeance,still-procedural-next-work,2,Original GRAD armor/shield/articulation; preserve edition-specific topology
excelsus_mgr,,Independent Revengeance,still-procedural-next-work,2,Original EXCELSUS multipart limbs/blades and damage phases; not a recolored REX/RAY
