order,parallelGroup,uid,name,episode,status,canonicalReferenceRequirement,deliveryRequirement
1,A-MGR,core__raiden,RAIDEN,REVENGEANCE / CYBORG,proposed-next-batch-not-generated,"Revengeance cyborg incarnation, distinguish MGS4/prologue body",Distinct native facings;13 action groups mapped to actual reviewed poses; byte-identical originals/rejects retained; Root browser QA before promotion
2,A-MGR,core__sam,JETSTREAM SAM,REVENGEANCE / MURASAMA,proposed-next-batch-not-generated,Original Revengeance Murasama/sheathe and anatomical arm details,Distinct native facings;13 action groups mapped to actual reviewed poses; byte-identical originals/rejects retained; Root browser QA before promotion
3,A-MGR,core__mistral,MISTRAL,REVENGEANCE / DESPERADO,proposed-next-batch-not-generated,Original multi-arm pole-arm topology and body asymmetry,Distinct native facings;13 action groups mapped to actual reviewed poses; byte-identical originals/rejects retained; Root browser QA before promotion
4,A-MGR,core__monsoon,MONSOON,REVENGEANCE / DESPERADO,proposed-next-batch-not-generated,Original segmented body/sai; specify actual separation states,Distinct native facings;13 action groups mapped to actual reviewed poses; byte-identical originals/rejects retained; Root browser QA before promotion
5,A-MGR,core__sundowner,SUNDOWNER,REVENGEANCE / DESPERADO,proposed-next-batch-not-generated,Original shield-panel hinges/blades; separate parts if needed,Distinct native facings;13 action groups mapped to actual reviewed poses; byte-identical originals/rejects retained; Root browser QA before promotion
6,A-MGR,core__armstrong,STEVEN ARMSTRONG,REVENGEANCE / NANOMACHINES,proposed-next-batch-not-generated,Original body/costume and nanomachine phases from direct refs,Distinct native facings;13 action groups mapped to actual reviewed poses; byte-identical originals/rejects retained; Root browser QA before promotion
7,A-MGR,core__khamsin,KHAMSIN,MGR / RENFORTS,proposed-next-batch-not-generated,Original Blade Wolf DLC exosuit/axe; retain articulated machine anatomy,Distinct native facings;13 action groups mapped to actual reviewed poses; byte-identical originals/rejects retained; Root browser QA before promotion
8,B-MG1,core__snake_mg1,SOLID SNAKE — MG1,METAL GEAR / INTRUDE N313,proposed-next-batch-not-generated,Original MSX2 1987 player sprite/manual; expanded side view qualified,Distinct native facings;13 action groups mapped to actual reviewed poses; byte-identical originals/rejects retained; Root browser QA before promotion
9,B-MG1,core__shotmaker,SHOTMAKER,METAL GEAR / SHOOT GUNNER,proposed-next-batch-not-generated,Original MSX2 Shotmaker/Shoot Gunner; no MGS outfit substitution,Distinct native facings;13 action groups mapped to actual reviewed poses; byte-identical originals/rejects retained; Root browser QA before promotion
10,B-MG1,core__machinegun_kid,MACHINEGUN KID,METAL GEAR / OUTER HEAVEN,proposed-next-batch-not-generated,Original MSX2 Machinegun Kid sprite/weapon source,Distinct native facings;13 action groups mapped to actual reviewed poses; byte-identical originals/rejects retained; Root browser QA before promotion
11,B-MG1,core__dirtyduck,DIRTY DUCK,METAL GEAR / COWARD DUCK,proposed-next-batch-not-generated,Original MSX2 Dirty Duck/Coward Duck; boomerangs and hostages are separate game work,Distinct native facings;13 action groups mapped to actual reviewed poses; byte-identical originals/rejects retained; Root browser QA before promotion
12,B-MG1,core__bigboss_mg1,BIG BOSS — MG1,METAL GEAR / COMMANDANT FINAL,proposed-next-batch-not-generated,Original MSX2 final commander; distinguish MGS3/PW/MG2,Distinct native facings;13 action groups mapped to actual reviewed poses; byte-identical originals/rejects retained; Root browser QA before promotion
13,C-MG2,core__snake_mg2,SOLID SNAKE — MG2,METAL GEAR 2 / ZANZIBAR LAND,proposed-next-batch-not-generated,Original MSX2 1990 player/portrait; do not alias MG1 Snake,Distinct native facings;13 action groups mapped to actual reviewed poses; byte-identical originals/rejects retained; Root browser QA before promotion
14,C-MG2,core__fox_mg2,GRAY FOX — MG2,METAL GEAR 2 / DUEL À MAINS NUES,proposed-next-batch-not-generated,Original MSX2 unarmed minefield duel; not Gray Fox cyborg,Distinct native facings;13 action groups mapped to actual reviewed poses; byte-identical originals/rejects retained; Root browser QA before promotion
15,C-MG2,core__bigboss_mg2,BIG BOSS — MG2,METAL GEAR 2 / ZANZIBAR LAND,proposed-next-batch-not-generated,Original MSX2 final incarnation; fire/spray fight not a new firearm invention,Distinct native facings;13 action groups mapped to actual reviewed poses; byte-identical originals/rejects retained; Root browser QA before promotion
16,C-MG2,core__night_fright,NIGHT FRIGHT,MG2 / RENFORTS,proposed-next-batch-not-generated,Original Night Sight/Night Fright MSX2 refs before choosing visible silhouette,Distinct native facings;13 action groups mapped to actual reviewed poses; byte-identical originals/rejects retained; Root browser QA before promotion
17,D-GB-ACID2,core__hawk,SLASHER HAWK,GHOST BABEL / BLACK CHAMBER,proposed-next-batch-not-generated,Original Ghost Babel Slasher Hawk/hawk gear; GBC side-view expansion qualified,Distinct native facings;13 action groups mapped to actual reviewed poses; byte-identical originals/rejects retained; Root browser QA before promotion
18,D-GB-ACID2,core__owl,MARIONETTE OWL,GHOST BABEL / BLACK CHAMBER,proposed-next-batch-not-generated,Original Ghost Babel Marionette Owl; dolls remain distinct required props,Distinct native facings;13 action groups mapped to actual reviewed poses; byte-identical originals/rejects retained; Root browser QA before promotion
19,D-GB-ACID2,core__pyro,PYRO BISON,GHOST BABEL / BLACK CHAMBER,proposed-next-batch-not-generated,"Original Ghost Babel Pyro Bison/flame equipment, not MG1 Fire Trooper",Distinct native facings;13 action groups mapped to actual reviewed poses; byte-identical originals/rejects retained; Root browser QA before promotion
20,D-GB-ACID2,core__snake_acid2,SNAKE — AC!D 2,AC!D 2 / SIMULATION VERSUS,proposed-next-batch-not-generated,Original Ac!d2 Snake incarnation; preserve separate already-native Ac!d1 Snake,Distinct native facings;13 action groups mapped to actual reviewed poses; byte-identical originals/rejects retained; Root browser QA before promotion
