sourceSheetKey,sourceSha256,facing,index,actions,physicallyViewed,completeFigure
a-right,c3b2c9c6270c7e181d32c21b2e99251d4ac8641a0793c9be29bdd8281fb91a8f,1,0,idle,True,True
a-right,c3b2c9c6270c7e181d32c21b2e99251d4ac8641a0793c9be29bdd8281fb91a8f,1,1,idle,True,True
a-right,c3b2c9c6270c7e181d32c21b2e99251d4ac8641a0793c9be29bdd8281fb91a8f,1,2,walk,True,True
a-right,c3b2c9c6270c7e181d32c21b2e99251d4ac8641a0793c9be29bdd8281fb91a8f,1,3,walk,True,True
a-right,c3b2c9c6270c7e181d32c21b2e99251d4ac8641a0793c9be29bdd8281fb91a8f,1,4,walk,True,True
a-right,c3b2c9c6270c7e181d32c21b2e99251d4ac8641a0793c9be29bdd8281fb91a8f,1,5,walk,True,True
a-right,c3b2c9c6270c7e181d32c21b2e99251d4ac8641a0793c9be29bdd8281fb91a8f,1,6,guard,True,True
a-right,c3b2c9c6270c7e181d32c21b2e99251d4ac8641a0793c9be29bdd8281fb91a8f,1,7,guard,True,True
a-right,c3b2c9c6270c7e181d32c21b2e99251d4ac8641a0793c9be29bdd8281fb91a8f,1,8,crouch,True,True
a-right,c3b2c9c6270c7e181d32c21b2e99251d4ac8641a0793c9be29bdd8281fb91a8f,1,9,crouch,True,True
a-right,c3b2c9c6270c7e181d32c21b2e99251d4ac8641a0793c9be29bdd8281fb91a8f,1,10,jump,True,True
a-right,c3b2c9c6270c7e181d32c21b2e99251d4ac8641a0793c9be29bdd8281fb91a8f,1,11,jump,True,True
a-left,3715649a2b612ee7677b650a5f520ebd407cc942b44b8a8f344b75eb96fe1954,-1,0,idle,True,True
a-left,3715649a2b612ee7677b650a5f520ebd407cc942b44b8a8f344b75eb96fe1954,-1,1,idle,True,True
a-left,3715649a2b612ee7677b650a5f520ebd407cc942b44b8a8f344b75eb96fe1954,-1,2,walk,True,True
a-left,3715649a2b612ee7677b650a5f520ebd407cc942b44b8a8f344b75eb96fe1954,-1,3,walk,True,True
a-left,3715649a2b612ee7677b650a5f520ebd407cc942b44b8a8f344b75eb96fe1954,-1,4,walk,True,True
a-left,3715649a2b612ee7677b650a5f520ebd407cc942b44b8a8f344b75eb96fe1954,-1,5,walk,True,True
a-left,3715649a2b612ee7677b650a5f520ebd407cc942b44b8a8f344b75eb96fe1954,-1,6,guard,True,True
a-left,3715649a2b612ee7677b650a5f520ebd407cc942b44b8a8f344b75eb96fe1954,-1,7,guard,True,True
a-left,3715649a2b612ee7677b650a5f520ebd407cc942b44b8a8f344b75eb96fe1954,-1,8,crouch,True,True
a-left,3715649a2b612ee7677b650a5f520ebd407cc942b44b8a8f344b75eb96fe1954,-1,9,crouch,True,True
a-left,3715649a2b612ee7677b650a5f520ebd407cc942b44b8a8f344b75eb96fe1954,-1,10,jump,True,True
a-left,3715649a2b612ee7677b650a5f520ebd407cc942b44b8a8f344b75eb96fe1954,-1,11,jump,True,True
b-right,1bb759fe978c2f5d7b17f3568afc87a3e2ad749cfb848ecaf88ea08d6b391f10,1,0,punch,True,True
b-right,1bb759fe978c2f5d7b17f3568afc87a3e2ad749cfb848ecaf88ea08d6b391f10,1,1,punch,True,True
b-right,1bb759fe978c2f5d7b17f3568afc87a3e2ad749cfb848ecaf88ea08d6b391f10,1,2,punch,True,True
b-right,1bb759fe978c2f5d7b17f3568afc87a3e2ad749cfb848ecaf88ea08d6b391f10,1,3,heavy,True,True
b-right,1bb759fe978c2f5d7b17f3568afc87a3e2ad749cfb848ecaf88ea08d6b391f10,1,4,heavy,True,True
b-right,1bb759fe978c2f5d7b17f3568afc87a3e2ad749cfb848ecaf88ea08d6b391f10,1,5,heavy,True,True
b-right,1bb759fe978c2f5d7b17f3568afc87a3e2ad749cfb848ecaf88ea08d6b391f10,1,6,low,True,True
b-right,1bb759fe978c2f5d7b17f3568afc87a3e2ad749cfb848ecaf88ea08d6b391f10,1,7,low,True,True
b-right,1bb759fe978c2f5d7b17f3568afc87a3e2ad749cfb848ecaf88ea08d6b391f10,1,8,low,True,True
b-right,1bb759fe978c2f5d7b17f3568afc87a3e2ad749cfb848ecaf88ea08d6b391f10,1,9,hit,True,True
b-right,1bb759fe978c2f5d7b17f3568afc87a3e2ad749cfb848ecaf88ea08d6b391f10,1,10,ko,True,True
b-right,1bb759fe978c2f5d7b17f3568afc87a3e2ad749cfb848ecaf88ea08d6b391f10,1,11,ko,True,True
b-left,ff80dc2260af4706d47d457e069e97b56dfdd4b87d4c91fffe839d90218d8a2e,-1,0,punch,True,True
b-left,ff80dc2260af4706d47d457e069e97b56dfdd4b87d4c91fffe839d90218d8a2e,-1,1,punch,True,True
b-left,ff80dc2260af4706d47d457e069e97b56dfdd4b87d4c91fffe839d90218d8a2e,-1,2,punch,True,True
b-left,ff80dc2260af4706d47d457e069e97b56dfdd4b87d4c91fffe839d90218d8a2e,-1,3,heavy,True,True
b-left,ff80dc2260af4706d47d457e069e97b56dfdd4b87d4c91fffe839d90218d8a2e,-1,4,heavy,True,True
b-left,ff80dc2260af4706d47d457e069e97b56dfdd4b87d4c91fffe839d90218d8a2e,-1,5,heavy,True,True
b-left,ff80dc2260af4706d47d457e069e97b56dfdd4b87d4c91fffe839d90218d8a2e,-1,6,low,True,True
b-left,ff80dc2260af4706d47d457e069e97b56dfdd4b87d4c91fffe839d90218d8a2e,-1,7,low,True,True
b-left,ff80dc2260af4706d47d457e069e97b56dfdd4b87d4c91fffe839d90218d8a2e,-1,8,low,True,True
b-left,ff80dc2260af4706d47d457e069e97b56dfdd4b87d4c91fffe839d90218d8a2e,-1,9,hit,True,True
b-left,ff80dc2260af4706d47d457e069e97b56dfdd4b87d4c91fffe839d90218d8a2e,-1,10,ko,True,True
b-left,ff80dc2260af4706d47d457e069e97b56dfdd4b87d4c91fffe839d90218d8a2e,-1,11,ko,True,True
c-right,ce042eb00c4cbd8ad34c00aefaf76d912b64995309255f0533461a425607685f,1,0,shoot,True,True
c-right,ce042eb00c4cbd8ad34c00aefaf76d912b64995309255f0533461a425607685f,1,1,shoot,True,True
c-right,ce042eb00c4cbd8ad34c00aefaf76d912b64995309255f0533461a425607685f,1,2,shoot,True,True
c-right,ce042eb00c4cbd8ad34c00aefaf76d912b64995309255f0533461a425607685f,1,3,charge,True,True
c-right,ce042eb00c4cbd8ad34c00aefaf76d912b64995309255f0533461a425607685f,1,4,charge,True,True
c-right,ce042eb00c4cbd8ad34c00aefaf76d912b64995309255f0533461a425607685f,1,5,charge,True,True
c-right,ce042eb00c4cbd8ad34c00aefaf76d912b64995309255f0533461a425607685f,1,6,optic,True,True
c-right,ce042eb00c4cbd8ad34c00aefaf76d912b64995309255f0533461a425607685f,1,7,recover,True,True
c-right,ce042eb00c4cbd8ad34c00aefaf76d912b64995309255f0533461a425607685f,1,8,recover,True,True
c-right,ce042eb00c4cbd8ad34c00aefaf76d912b64995309255f0533461a425607685f,1,9,reload,True,True
c-right,ce042eb00c4cbd8ad34c00aefaf76d912b64995309255f0533461a425607685f,1,10,reload,True,True
c-right,ce042eb00c4cbd8ad34c00aefaf76d912b64995309255f0533461a425607685f,1,11,reload,True,True
c-left,c50da6fb3427b3cb19b9a46cc857420db422efce51c6d2d8d3077ec27630b506,-1,0,shoot,True,True
c-left,c50da6fb3427b3cb19b9a46cc857420db422efce51c6d2d8d3077ec27630b506,-1,1,shoot,True,True
c-left,c50da6fb3427b3cb19b9a46cc857420db422efce51c6d2d8d3077ec27630b506,-1,2,shoot,True,True
c-left,c50da6fb3427b3cb19b9a46cc857420db422efce51c6d2d8d3077ec27630b506,-1,3,charge,True,True
c-left,c50da6fb3427b3cb19b9a46cc857420db422efce51c6d2d8d3077ec27630b506,-1,4,charge,True,True
c-left,c50da6fb3427b3cb19b9a46cc857420db422efce51c6d2d8d3077ec27630b506,-1,5,charge,True,True
c-left,c50da6fb3427b3cb19b9a46cc857420db422efce51c6d2d8d3077ec27630b506,-1,6,optic,True,True
c-left,c50da6fb3427b3cb19b9a46cc857420db422efce51c6d2d8d3077ec27630b506,-1,7,recover,True,True
c-left,c50da6fb3427b3cb19b9a46cc857420db422efce51c6d2d8d3077ec27630b506,-1,8,recover,True,True
c-left,c50da6fb3427b3cb19b9a46cc857420db422efce51c6d2d8d3077ec27630b506,-1,9,reload,True,True
c-left,c50da6fb3427b3cb19b9a46cc857420db422efce51c6d2d8d3077ec27630b506,-1,10,reload,True,True
c-left,c50da6fb3427b3cb19b9a46cc857420db422efce51c6d2d8d3077ec27630b506,-1,11,reload,True,True
